{"cameraMode":{"drawMode":0,"name":"Shaded","section":"Shading Mode"},"sceneLighting":true,"audioPlay":false,"sceneViewState":{"showFog":true,"showMaterialUpdate":false,"showSkybox":true,"showFlares":true,"showImageEffects":true,"showParticleSystems":true},"in2DMode":false,"pivot":{"x":5.690548419952393,"y":1.2392427921295167,"z":7.101937770843506},"rotation":{"x":-0.10181815177202225,"y":0.890885055065155,"z":-0.2468571960926056,"w":-0.36745327711105349},"size":7.586129188537598,"orthographic":false}